<?xml version="1.0" encoding="UTF-8" ?>
<XMLDB PATH="mod/zipdownload/db" VERSION="2025070401" COMMENT="XMLDB file for zipdownload module"
       xmlns:xsi="http://www.w3.org/2001/XMLSchema-instance"
       xsi:noNamespaceSchemaLocation="../../lib/xmldb/xmldb.xsd">

  <TABLES>
    <TABLE NAME="zipdownload" COMMENT="Stores instances of the ZIP download activity">
      <FIELDS>
        <!-- Primary key -->
        <FIELD NAME="id" TYPE="int" LENGTH="10" NOTNULL="true" SEQUENCE="true"/>

        <!-- Required by Moodle for course module linking -->
        <FIELD NAME="course" TYPE="int" LENGTH="10" NOTNULL="true" DEFAULT="0"/>

        <!-- Activity settings -->
        <FIELD NAME="name" TYPE="char" LENGTH="255" NOTNULL="true" DEFAULT="Untitled zipdownload"/>
        <FIELD NAME="intro" TYPE="text" NOTNULL="false"/>
        <FIELD NAME="introformat" TYPE="int" LENGTH="4" NOTNULL="true" DEFAULT="1"/>
        <FIELD NAME="defaultplatform" TYPE="char" LENGTH="10" NOTNULL="true" DEFAULT="lab" COMMENT="Default platform for Makefile (lab, win, mac)"/>

        <!-- Timestamps -->
        <FIELD NAME="timecreated" TYPE="int" LENGTH="10" NOTNULL="true" DEFAULT="0"/>
        <FIELD NAME="timemodified" TYPE="int" LENGTH="10" NOTNULL="true" DEFAULT="0"/>
      </FIELDS>

      <KEYS>
        <KEY NAME="primary" TYPE="primary" FIELDS="id"/>
        <KEY NAME="course" TYPE="foreign" FIELDS="course" REFTABLE="course" REFFIELDS="id"/>
      </KEYS>
    </TABLE>
  </TABLES>
</XMLDB>